Event Id,Tag ID
657d9e27f226080008c0d44f,6736ea8ed6b76ffeb516a909
672e1ee16ceb85f0cac26b67,6736ea8ed6b76ffeb516a909
672e2cefc557095f7e41ddca,6736ea8ed6b76ffeb516a909
6730ff77bdcb475bdf5ee554,6736ea8ed6b76ffeb516a909
6731ac28a8c297b723affeeb,6736ea8ed6b76ffeb516a909
67351391f0069482726c54cc,6736ea8ed6b76ffeb516a909
6736e86c7d130f3d6b5cea26,6736ea8ed6b76ffeb516a909
673b7a20c2fbb4eaa5f4e1c4,6736ea8ed6b76ffeb516a909
673ef62984708ddb276549c4,6736ea8ed6b76ffeb516a909
67431bd93919c1c2f91aed13,6736ea8ed6b76ffeb516a909
674424acc50755cb9a6a6649,6736ea8ed6b76ffeb516a909
67448537f700339d5a235f20,6736ea8ed6b76ffeb516a909
674574c44583fdb4311c4987,6736ea8ed6b76ffeb516a909
67458b9597004807a0891f97,6736ea8ed6b76ffeb516a909
67459972c7edf39d8c8a25b4,6736ea8ed6b76ffeb516a909
6745bfb99a3e75bc6005e9d8,6736ea8ed6b76ffeb516a909
6745c419cbd007ca22659188,6736ea8ed6b76ffeb516a909
6746b59ab38b6098b11e924f,6736ea8ed6b76ffeb516a909
6746d3e7731b44f1a65c80dd,6736ea8ed6b76ffeb516a909
67481f3f1f33452d54c917e9,6736ea8ed6b76ffeb516a909
674821abefac8dadb2353e83,6736ea8ed6b76ffeb516a909
67486693be3d73e953442f46,6736ea8ed6b76ffeb516a909
6748682167de3c2962385422,6736ea8ed6b76ffeb516a909
67496ad0d618ab643aa8ceac,6736ea8ed6b76ffeb516a909
6749c95be93ca6cbae62448c,6736ea8ed6b76ffeb516a909
6749d4a27479d4845ff64888,6736ea8ed6b76ffeb516a909
674ae715633702ac972be88a,6736ea8ed6b76ffeb516a909
674c02f5bd7761cd5c25f35f,6736ea8ed6b76ffeb516a909
674d96cbcd73edecc27bfa17,6736ea8ed6b76ffeb516a909
674d9f8fde8f44ba2ecc64f2,6736ea8ed6b76ffeb516a909
674dce25bb7357d051540ab6,6736ea8ed6b76ffeb516a909
674de30ac988c4bdd2bba186,6736ea8ed6b76ffeb516a909
674e0718de8f44ba2ecea988,6736ea8ed6b76ffeb516a909
674eb13c53f1d4ad717b85b1,6736ea8ed6b76ffeb516a909
674eba50bae0a2a1901c1379,6736ea8ed6b76ffeb516a909
674ed026e966a3316fc72298,6736ea8ed6b76ffeb516a909
674eddd12f9332e2a6e68d4e,6736ea8ed6b76ffeb516a909
674eef5bfc52001097991bad,6736ea8ed6b76ffeb516a909
674ef49eea5417e23604398d,6736ea8ed6b76ffeb516a909
674ef680b1194922f09164ee,6736ea8ed6b76ffeb516a909
674f05ebebf4c85120730255,6736ea8ed6b76ffeb516a909
674f123cfc52001097998209,6736ea8ed6b76ffeb516a909
674f156c3fe65fb298a895f7,6736ea8ed6b76ffeb516a909
674f1e57e9bf96e029c466b6,6736ea8ed6b76ffeb516a909
674fff62f2854ae45850ea74,6736ea8ed6b76ffeb516a909
67500fc58babafebd0eabc35,6736ea8ed6b76ffeb516a909
675010882fa65ab23bebf620,6736ea8ed6b76ffeb516a909
67501401edc83c403b352336,6736ea8ed6b76ffeb516a909
67504d91dbadfed2ace46f7f,6736ea8ed6b76ffeb516a909
6750513e770c1b192eda421b,6736ea8ed6b76ffeb516a909
6750534784e9db45687d53e0,6736ea8ed6b76ffeb516a909
67505d0658837b5c7067a58d,6736ea8ed6b76ffeb516a909
6750644f13c4f9196ac4825b,6736ea8ed6b76ffeb516a909
67506a33423221684edae7f5,6736ea8ed6b76ffeb516a909
6750afcebc97b69ace7cbfaa,6736ea8ed6b76ffeb516a909
67513d74bc97b69ace7d5c02,6736ea8ed6b76ffeb516a909
67515affc3cacdf450cd2bc7,6736ea8ed6b76ffeb516a909
6751aef19c408d52fc51c08b,6736ea8ed6b76ffeb516a909
67527d811a07cf44227aac5d,6736ea8ed6b76ffeb516a909
6752c9952d8a911bae547e87,6736ea8ed6b76ffeb516a909
6752d59a4b29c6b50f777e4f,6736ea8ed6b76ffeb516a909
6752d8fa521af13236fd1339,6736ea8ed6b76ffeb516a909
6752ebc8b6ec31a0e823eb56,6736ea8ed6b76ffeb516a909
6752ee22487fe11d9c5606e9,6736ea8ed6b76ffeb516a909
6752f199851e43aa668b532a,6736ea8ed6b76ffeb516a909
6752f5d5602f7a002363b5ef,6736ea8ed6b76ffeb516a909
67530fde87417cdc04f23c6c,6736ea8ed6b76ffeb516a909
675314a8972bb189775f4d9a,6736ea8ed6b76ffeb516a909
675322a99aa61d35e85a52a1,6736ea8ed6b76ffeb516a909
6753c99e3ee8aa0476f592f9,6736ea8ed6b76ffeb516a909
6753cc27d56b21fc1fbd2645,6736ea8ed6b76ffeb516a909
6753eada22f8a598c14768cb,6736ea8ed6b76ffeb516a909
67540f7aa2a5240f2573af62,6736ea8ed6b76ffeb516a909
6754323a6a3e2d455457141f,6736ea8ed6b76ffeb516a909
6754354ec80287a1105102ad,6736ea8ed6b76ffeb516a909
6754360dace67a6be1e3384b,6736ea8ed6b76ffeb516a909
67543c3c6a3e2d4554573a0b,6736ea8ed6b76ffeb516a909
675484211e95fdd78c6e6ddc,6736ea8ed6b76ffeb516a909
6755bbc63ee8aa0476fd5301,6736ea8ed6b76ffeb516a909
67568e5ada0ff481a40d1b0c,6736ea8ed6b76ffeb516a909
6756b127772af9a3508042b9,6736ea8ed6b76ffeb516a909
6756bcec0f108b214d52a892,6736ea8ed6b76ffeb516a909
6756be6c50384424d2259f4d,6736ea8ed6b76ffeb516a909
6756d1f1b20a662cd9e17e20,6736ea8ed6b76ffeb516a909
6756e602f702192ca3d585e9,6736ea8ed6b76ffeb516a909
6756e77cc8944d117254603e,6736ea8ed6b76ffeb516a909
6756e8ddb8b28af4cbfa1a1d,6736ea8ed6b76ffeb516a909
67571cc17fe201d6ecdcf773,6736ea8ed6b76ffeb516a909
67572dd9ee854a805feaeba9,6736ea8ed6b76ffeb516a909
67573404b8b28af4cbfa87c8,6736ea8ed6b76ffeb516a909
67574217fca803eca1eb0483,6736ea8ed6b76ffeb516a909
6757f959c8548d237fbce5af,6736ea8ed6b76ffeb516a909
675807142a99c814a6b6094c,6736ea8ed6b76ffeb516a909
67582094f61ec286fd845d69,6736ea8ed6b76ffeb516a909
67582ed3f91e8eb6cdf715c2,6736ea8ed6b76ffeb516a909
67583296499187b17bcead03,6736ea8ed6b76ffeb516a909
675842e59960c4adbe03d45d,6736ea8ed6b76ffeb516a909
675854f52f7e676490182898,6736ea8ed6b76ffeb516a909
675860a72d0fc57260b368bd,6736ea8ed6b76ffeb516a909
67587226a02c2ad4d0df4e8c,6736ea8ed6b76ffeb516a909
67587d10368f1a82cd1cadc8,6736ea8ed6b76ffeb516a909
67587e632f7e67649018618e,6736ea8ed6b76ffeb516a909
6758893169c9c1a3ff3878e1,6736ea8ed6b76ffeb516a909
67589d64f7f319ee65350759,6736ea8ed6b76ffeb516a909
67589fd591836583a45bb109,6736ea8ed6b76ffeb516a909
6759435e9324123707c836db,6736ea8ed6b76ffeb516a909
6759523c453cc63ebdcc2416,6736ea8ed6b76ffeb516a909
6759658a9ed807dace812757,6736ea8ed6b76ffeb516a909
67596d3bc3ff36ac895b5dc4,6736ea8ed6b76ffeb516a909
675977e3367cc1004210c74f,6736ea8ed6b76ffeb516a909
6759795f2a2a6f4b9295e8b0,6736ea8ed6b76ffeb516a909
67597a0fd3d58f2e17dd4508,6736ea8ed6b76ffeb516a909
675980db367cc10042111df0,6736ea8ed6b76ffeb516a909
675994ea34d11d73295098fa,6736ea8ed6b76ffeb516a909
6759aecde6b0800b6c92ddd0,6736ea8ed6b76ffeb516a909
6759e0702552714d0afb59f1,6736ea8ed6b76ffeb516a909
675a60f9c0d3da36607de033,6736ea8ed6b76ffeb516a909
675a742bc0d3da36607dfe5a,6736ea8ed6b76ffeb516a909
675a7d9392233dd44e5ff7d6,6736ea8ed6b76ffeb516a909
675a8ec2d36aa03205ce0073,6736ea8ed6b76ffeb516a909
675a9156c05be03ab6f66a8d,6736ea8ed6b76ffeb516a909
675a9c83a234e3fb572bdf7a,6736ea8ed6b76ffeb516a909
675ac27556523b16568351c8,6736ea8ed6b76ffeb516a909
675aca67a057d92bd5da97c9,6736ea8ed6b76ffeb516a909
675aca6c08c6edae1986287a,6736ea8ed6b76ffeb516a909
675ad7a11a6f011f9956748b,6736ea8ed6b76ffeb516a909
675ae0d1dc506e0ecfe2041d,6736ea8ed6b76ffeb516a909
675ae8dcb45917bbd3338730,6736ea8ed6b76ffeb516a909
675aef88c08632f2e5189139,6736ea8ed6b76ffeb516a909
675af6ff092bf78289451952,6736ea8ed6b76ffeb516a909
675af8262c33ebd333a6264d,6736ea8ed6b76ffeb516a909
675afe0d99a83c9dedfcded2,6736ea8ed6b76ffeb516a909
675b1267bb648bdcdb24078c,6736ea8ed6b76ffeb516a909
675b1697c34e59b318bd0465,6736ea8ed6b76ffeb516a909
675b22748ba44e006fd6527d,6736ea8ed6b76ffeb516a909
675bcc8529874150c5e46103,6736ea8ed6b76ffeb516a909
675bf6eb880a7314a39ac43b,6736ea8ed6b76ffeb516a909
675c03ea074740d830f170fe,6736ea8ed6b76ffeb516a909
675c245b0b1dd0a1a820cb80,6736ea8ed6b76ffeb516a909
675c254620570aeb91e670c0,6736ea8ed6b76ffeb516a909
675c30b0477b1d5cd8a24ee2,6736ea8ed6b76ffeb516a909
675c3a333f7cf1b677713ba8,6736ea8ed6b76ffeb516a909
675c469b32660dc76df94213,6736ea8ed6b76ffeb516a909
675c4d550aaee03ff55347f5,6736ea8ed6b76ffeb516a909
675c550a8e8c06836e082d40,6736ea8ed6b76ffeb516a909
675c58563f7cf1b67771bd9d,6736ea8ed6b76ffeb516a909
675c5eb66119949d0b29b579,6736ea8ed6b76ffeb516a909
675c72dc73408a343bfc56f1,6736ea8ed6b76ffeb516a909
675c9877cb054c0d67533d58,6736ea8ed6b76ffeb516a909
675c992295c1fbd2b54667a3,6736ea8ed6b76ffeb516a909
675d2355adde48188a2200c9,6736ea8ed6b76ffeb516a909
675d257a9d078fce830c8546,6736ea8ed6b76ffeb516a909
675d28b52abab5d03eebe80d,6736ea8ed6b76ffeb516a909
675d2ab895c1fbd2b546fa6c,6736ea8ed6b76ffeb516a909
675d2e0557a219bf8e9ba2a2,6736ea8ed6b76ffeb516a909
675d317b95c1fbd2b54716f8,6736ea8ed6b76ffeb516a909
675d34ea95c1fbd2b5471d1a,6736ea8ed6b76ffeb516a909
675d368e808cfea901c27635,6736ea8ed6b76ffeb516a909
675d395b7d4808f65f9c723c,6736ea8ed6b76ffeb516a909
675d3ae9fc8a8ac1336259c4,6736ea8ed6b76ffeb516a909
675d6e6b4e532a68f752c9d0,6736ea8ed6b76ffeb516a909
675d71e21644228e76f3e0ab,6736ea8ed6b76ffeb516a909
675d7777377b0a7d548a2a7f,6736ea8ed6b76ffeb516a909
675d7f3bdd2abdec2aaee179,6736ea8ed6b76ffeb516a909
675d8739d4134301b3fec5f3,6736ea8ed6b76ffeb516a909
675ec50530b3b02f2db71d21,6736ea8ed6b76ffeb516a909
675edf86af69654b2102c5b0,6736ea8ed6b76ffeb516a909
675f2b606142e76ae58ace4f,6736ea8ed6b76ffeb516a909
675fa32b6142e76ae58b17a7,6736ea8ed6b76ffeb516a909
675fe24e57229060b022fde2,6736ea8ed6b76ffeb516a909
675fe477c1565b755961ccc8,6736ea8ed6b76ffeb516a909
675fe94c2abbeaf0a24c06f4,6736ea8ed6b76ffeb516a909
675ff64f010785e890b7e0a1,6736ea8ed6b76ffeb516a909
676003c0899d1a65587c5b03,6736ea8ed6b76ffeb516a909
67601b5b6e705dbdff931d36,6736ea8ed6b76ffeb516a909
67602343267e54e954733cc4,6736ea8ed6b76ffeb516a909
67602f756e705dbdff937a6d,6736ea8ed6b76ffeb516a909
6760365fc00b5de9abec5cb0,6736ea8ed6b76ffeb516a909
67603d2d551e3c6922bdc7d7,6736ea8ed6b76ffeb516a909
67603e5535616c80d228a906,6736ea8ed6b76ffeb516a909
67607c82289a0395618e52d9,6736ea8ed6b76ffeb516a909
67608e6cae0a58e94073edcf,6736ea8ed6b76ffeb516a909
676099c6ae0a58e94073f1b6,6736ea8ed6b76ffeb516a909
6760b39cdeb80feb4d5846c9,6736ea8ed6b76ffeb516a909
67611c8fae0a58e940747ada,6736ea8ed6b76ffeb516a909
67612afcea1f874c15d896e0,6736ea8ed6b76ffeb516a909
67612d53fa1f2b5aff812ad4,6736ea8ed6b76ffeb516a909
676131832723077a1e67cbc5,6736ea8ed6b76ffeb516a909
676133ba081c5e660febd641,6736ea8ed6b76ffeb516a909
676133c0611f6543c05b68c2,6736ea8ed6b76ffeb516a909
67613658fa1f2b5aff816069,6736ea8ed6b76ffeb516a909
676139b41c9f4916a95a2237,6736ea8ed6b76ffeb516a909
6761457eae0a58e940754f03,6736ea8ed6b76ffeb516a909
676145beae0a58e940754fdb,6736ea8ed6b76ffeb516a909
676148b1ea1f874c15d90f66,6736ea8ed6b76ffeb516a909
676158254c68618457de80a2,6736ea8ed6b76ffeb516a909
67615c0c08a362446244cddb,6736ea8ed6b76ffeb516a909
676160d89d636ef7adc37960,6736ea8ed6b76ffeb516a909
67616db93a7d312668353576,6736ea8ed6b76ffeb516a909
67616f97deb80feb4d5a9058,6736ea8ed6b76ffeb516a909
67617025b0b65cdff252c39a,6736ea8ed6b76ffeb516a909
676172843a7d31266835584c,6736ea8ed6b76ffeb516a909
676173cf67311bfd45516542,6736ea8ed6b76ffeb516a909
67618a4b2ce5c033b577b219,6736ea8ed6b76ffeb516a909
67618c1adeb80feb4d5c0897,6736ea8ed6b76ffeb516a909
67618d9750a52c57196f711d,6736ea8ed6b76ffeb516a909
67618f95ea1f874c15dc0f6c,6736ea8ed6b76ffeb516a909
67619cc27932154054f65b8f,6736ea8ed6b76ffeb516a909
67619f13968b9dc723f71c79,6736ea8ed6b76ffeb516a909
6761ae545def63d8353dd39a,6736ea8ed6b76ffeb516a909
6761b4ec5def63d8353dd924,6736ea8ed6b76ffeb516a909
6761c3ef46a0d1019425df4c,6736ea8ed6b76ffeb516a909
6761fe5b9cf8fdd96fcc86ef,6736ea8ed6b76ffeb516a909
67626074d5ada0b0e3978d9b,6736ea8ed6b76ffeb516a909
676263bc9cf8fdd96fcd3b24,6736ea8ed6b76ffeb516a909
67626d4f5741450865cf25d7,6736ea8ed6b76ffeb516a909
6762737500133ee3b4bf748c,6736ea8ed6b76ffeb516a909
67628178231d9a63a9b30c90,6736ea8ed6b76ffeb516a909
676285559cf8fdd96fcea169,6736ea8ed6b76ffeb516a909
6762866085687de1f8a5d646,6736ea8ed6b76ffeb516a909
6762aa33d5ada0b0e39a26c5,6736ea8ed6b76ffeb516a909
6762af8ad6c2f9f8a6d5e91b,6736ea8ed6b76ffeb516a909
6762afb0bf9eb3548fc211cb,6736ea8ed6b76ffeb516a909
6762b2dc74a353caff66bda6,6736ea8ed6b76ffeb516a909
6762b755e6dfcf0bc54d25ca,6736ea8ed6b76ffeb516a909
6762bfc3d4b769ced5dd43f8,6736ea8ed6b76ffeb516a909
6762c4d5d4b769ced5dd52bd,6736ea8ed6b76ffeb516a909
6762ce64bf9eb3548fc364c5,6736ea8ed6b76ffeb516a909
6762d20cd6c2f9f8a6d703a8,6736ea8ed6b76ffeb516a909
6762d2b64d7bee664523a0e1,6736ea8ed6b76ffeb516a909
6762d80abfc3182078ac5fef,6736ea8ed6b76ffeb516a909
6762e18cb03cc3f704e0f7ce,6736ea8ed6b76ffeb516a909
6762e828e6ac19131f84a793,6736ea8ed6b76ffeb516a909
6762ea22d140a527ccfa62c1,6736ea8ed6b76ffeb516a909
6762f1345b6a55bab4ce12e0,6736ea8ed6b76ffeb516a909
6762f2000ebe60074851b4e0,6736ea8ed6b76ffeb516a909
6762f5b85b6a55bab4ce1a55,6736ea8ed6b76ffeb516a909
676302db5b6a55bab4ce26b1,6736ea8ed6b76ffeb516a909
67630cf112e5ebe38e40cb71,6736ea8ed6b76ffeb516a909
67631b050207def5488a0b24,6736ea8ed6b76ffeb516a909
676323cefecbee9cd61bd996,6736ea8ed6b76ffeb516a909
67632b1a59b6e7d505da799d,6736ea8ed6b76ffeb516a909
6763aee82a269234ce7237c6,6736ea8ed6b76ffeb516a909
6763b0ec98297338abd25a53,6736ea8ed6b76ffeb516a909
6763baec62870fa93445f296,6736ea8ed6b76ffeb516a909
6763c9f84952a29fef1f9dfa,6736ea8ed6b76ffeb516a909
6763df3582175add60543655,6736ea8ed6b76ffeb516a909
6763e297edaa1579f1560445,6736ea8ed6b76ffeb516a909
6763e35f49908975acab3caa,6736ea8ed6b76ffeb516a909
6763e4ee6c825f31e01e82ee,6736ea8ed6b76ffeb516a909
6763e68304bb96a3f02c5ebe,6736ea8ed6b76ffeb516a909
6763e880081b858549d9e013,6736ea8ed6b76ffeb516a909
6763ead56c825f31e01eb442,6736ea8ed6b76ffeb516a909
6763eae962870fa934485f93,6736ea8ed6b76ffeb516a909
6763f094ec0b952d62af769d,6736ea8ed6b76ffeb516a909
6763f15139ca92f3af793671,6736ea8ed6b76ffeb516a909
6763f4a939ca92f3af793ed5,6736ea8ed6b76ffeb516a909
6763f8795d45590a597c066d,6736ea8ed6b76ffeb516a909
6763f8c66c825f31e01ef0d6,6736ea8ed6b76ffeb516a909
6763fb89081b858549da34b2,6736ea8ed6b76ffeb516a909
6763fc5d0d5d5c271bccdfcc,6736ea8ed6b76ffeb516a909
676405f8081b858549da629a,6736ea8ed6b76ffeb516a909
6764087a4952a29fef220983,6736ea8ed6b76ffeb516a909
67640b345fc921692e91ea40,6736ea8ed6b76ffeb516a909
67640e216c825f31e01f6cf3,6736ea8ed6b76ffeb516a909
67640f655fc921692e920d7a,6736ea8ed6b76ffeb516a909
67640fd550fcfe3a152727c7,6736ea8ed6b76ffeb516a909
6764102650fcfe3a15272909,6736ea8ed6b76ffeb516a909
6764125bec0b952d62b03a39,6736ea8ed6b76ffeb516a909
676413270d5d5c271bcd6c57,6736ea8ed6b76ffeb516a909
676415f05fc921692e922943,6736ea8ed6b76ffeb516a909
6764180e6c825f31e01f9c74,6736ea8ed6b76ffeb516a909
676419efa35ac21fc3bce1ff,6736ea8ed6b76ffeb516a909
67641da4f9139042053a6d6f,6736ea8ed6b76ffeb516a909
67642d78e6f125edc8462ee2,6736ea8ed6b76ffeb516a909
676439e79237857102de8638,6736ea8ed6b76ffeb516a909
67643e6f532de19b70225678,6736ea8ed6b76ffeb516a909
67645c3ef50b501e8f4b7c2d,6736ea8ed6b76ffeb516a909
67645f39532de19b702273d6,6736ea8ed6b76ffeb516a909
6764607f2af21169004ee97c,6736ea8ed6b76ffeb516a909
67646ab2a9669e11e1ddb051,6736ea8ed6b76ffeb516a909
6764fbd0636a1c7bbff88613,6736ea8ed6b76ffeb516a909
6765045197dc1473128982f9,6736ea8ed6b76ffeb516a909
67650afc3f8133fccea42313,6736ea8ed6b76ffeb516a909
67650c296a9efeb5ceee3958,6736ea8ed6b76ffeb516a909
67651445d3095bd462032de7,6736ea8ed6b76ffeb516a909
67651eea02ecc72ae7eb4d41,6736ea8ed6b76ffeb516a909
676523908cab163831091127,6736ea8ed6b76ffeb516a909
676523cc02ecc72ae7eb69b8,6736ea8ed6b76ffeb516a909
676525fb788009d649e4ab05,6736ea8ed6b76ffeb516a909
676526a29816662639840485,6736ea8ed6b76ffeb516a909
6765428dfd5ba4fbad48ba5e,6736ea8ed6b76ffeb516a909
6765468312d9debb809b766a,6736ea8ed6b76ffeb516a909
67654b4baa3870ca98acb2fe,6736ea8ed6b76ffeb516a909
6765566a601ff56fd337a0d3,6736ea8ed6b76ffeb516a909
6765580cd3095bd4620569d1,6736ea8ed6b76ffeb516a909
6765580daa3870ca98ad3b28,6736ea8ed6b76ffeb516a909
67655cb812d9debb809c9274,6736ea8ed6b76ffeb516a909
67655df1788009d649e6d98b,6736ea8ed6b76ffeb516a909
67656f2e9ea1a328ef271dff,6736ea8ed6b76ffeb516a909
67657087f4dfacbd792010e3,6736ea8ed6b76ffeb516a909
67657c42cb9f4951d25b0a7e,6736ea8ed6b76ffeb516a909
67658e253c384f6c32925858,6736ea8ed6b76ffeb516a909
676598c21a74ad6f70f09261,6736ea8ed6b76ffeb516a909
67659c4fd98bf0acaa576ab4,6736ea8ed6b76ffeb516a909
6765acce652c1b9662d6195c,6736ea8ed6b76ffeb516a909
67667078fc2fa1ab9bf54bc8,6736ea8ed6b76ffeb516a909
67667cbd801c040e7c877e3e,6736ea8ed6b76ffeb516a909
676681edf989884baf28135e,6736ea8ed6b76ffeb516a909
676686bbf989884baf282447,6736ea8ed6b76ffeb516a909
676691ec5986d5ae850cfdb6,6736ea8ed6b76ffeb516a909
6766960a4ea4b180f3bbbf1d,6736ea8ed6b76ffeb516a909
67669614c720211dfb0ed59d,6736ea8ed6b76ffeb516a909
67669ce809944b7336c01386,6736ea8ed6b76ffeb516a909
6766a0964c2e490d27cf0d15,6736ea8ed6b76ffeb516a909
6766a0f65986d5ae850d859f,6736ea8ed6b76ffeb516a909
6766a27d0c47d080eb3553c3,6736ea8ed6b76ffeb516a909
6766a3f6e14d48afd14aab16,6736ea8ed6b76ffeb516a909
6766a53f441049393b33a5e5,6736ea8ed6b76ffeb516a909
6766a95809944b7336c06b18,6736ea8ed6b76ffeb516a909
6766ae95c720211dfb0f947c,6736ea8ed6b76ffeb516a909
6766b0825986d5ae850dddb8,6736ea8ed6b76ffeb516a909
6766b9d93876b65e3d36ead6,6736ea8ed6b76ffeb516a909
6766bb0215b2c92446656f87,6736ea8ed6b76ffeb516a909
6766c61809944b7336c1f063,6736ea8ed6b76ffeb516a909
6766c73e801c040e7c8a9dfd,6736ea8ed6b76ffeb516a909
6766c74683779a9b82f4dfe3,6736ea8ed6b76ffeb516a909
6766d594c69689f4ff57ce0e,6736ea8ed6b76ffeb516a909
6766ec618d1438ea30f21103,6736ea8ed6b76ffeb516a909
6767b6fe7a5067ad3f01bc66,6736ea8ed6b76ffeb516a909
6767b76d7a5067ad3f01be0b,6736ea8ed6b76ffeb516a909
6767bb6880cf82e2851106cd,6736ea8ed6b76ffeb516a909
6767bc128355424833218255,6736ea8ed6b76ffeb516a909
6767c7967ca68448653f4109,6736ea8ed6b76ffeb516a909
6767c8c79e3b3deae015ba0c,6736ea8ed6b76ffeb516a909
6767c9f8adf8d1573290a3a4,6736ea8ed6b76ffeb516a909
6767cbf9af9ffdc7c894e78a,6736ea8ed6b76ffeb516a909
6767ceff67e84129f1929267,6736ea8ed6b76ffeb516a909
6767d12f7a30fd027fd69f8c,6736ea8ed6b76ffeb516a909
6767d2272d092092d1b1b16b,6736ea8ed6b76ffeb516a909
6767d4c7e1251cb2a21693ed,6736ea8ed6b76ffeb516a909
6767d5d72c1bb7714c464726,6736ea8ed6b76ffeb516a909
6767d7162e85b7a633d5e6eb,6736ea8ed6b76ffeb516a909
6767d9d5fccfeed711aa10f8,6736ea8ed6b76ffeb516a909
6767d9e5bcd8f5886587448b,6736ea8ed6b76ffeb516a909
6767da13cb5b11b1748d37c5,6736ea8ed6b76ffeb516a909
6767db9fba4c6c052fc316f5,6736ea8ed6b76ffeb516a909
6767dba27e3c0970a6a37bdc,6736ea8ed6b76ffeb516a909
6767dc31b522c077687f3cce,6736ea8ed6b76ffeb516a909
6767ddd73c95e47283f51bbf,6736ea8ed6b76ffeb516a909
6767e4467a5067ad3f020263,6736ea8ed6b76ffeb516a909
6767e4817257e1c1088f2692,6736ea8ed6b76ffeb516a909
6767e5c97e3c0970a6a37d23,6736ea8ed6b76ffeb516a909
6767e5fc2e85b7a633d5ea33,6736ea8ed6b76ffeb516a909
6767e630372923855df59103,6736ea8ed6b76ffeb516a909
6767e721a46fbec6ba53a791,6736ea8ed6b76ffeb516a909
6767e7ab5b6fd6471e64c15a,6736ea8ed6b76ffeb516a909
6767e84fde1e607339532b40,6736ea8ed6b76ffeb516a909
6767e95ceba0e4a6b14c7012,6736ea8ed6b76ffeb516a909
6767ea77fccfeed711aa14af,6736ea8ed6b76ffeb516a909
6767ec0c835542483321fe99,6736ea8ed6b76ffeb516a909
6767ec8aad405e9586c6f769,6736ea8ed6b76ffeb516a909
6767ed252bec6e23553daa88,6736ea8ed6b76ffeb516a909
6767eda259125dbea5d89d6e,6736ea8ed6b76ffeb516a909
6767ee832e85b7a633d5ebdb,6736ea8ed6b76ffeb516a909
6767ef5f7a7663994b41dcdb,6736ea8ed6b76ffeb516a909
6767f0c545007dbd4593a01e,6736ea8ed6b76ffeb516a909
6767f1d25b6fd6471e64c37d,6736ea8ed6b76ffeb516a909
6767f27de573deb44d0ee059,6736ea8ed6b76ffeb516a909
6767f3d8f39d22d7d3448abd,6736ea8ed6b76ffeb516a909
6767f4357a5067ad3f020593,6736ea8ed6b76ffeb516a909
6767f4b45f33a926f68c37cd,6736ea8ed6b76ffeb516a909
6767f60792eee83b22138d2b,6736ea8ed6b76ffeb516a909
6767f7d1de0e1f700af6e402,6736ea8ed6b76ffeb516a909
6767fcf6bcd8f58865874e59,6736ea8ed6b76ffeb516a909
6768107118b5aeec742a59c6,6736ea8ed6b76ffeb516a909
67681075bcd8f58865875d86,6736ea8ed6b76ffeb516a909
6768160ff4e31ed4ccfa420f,6736ea8ed6b76ffeb516a909
67681b18307183eec4841a45,6736ea8ed6b76ffeb516a909
67681cf412973d56245bfe7d,6736ea8ed6b76ffeb516a909
67681efae7e9d2259de74f34,6736ea8ed6b76ffeb516a909
6768209803ca832673f1b1a6,6736ea8ed6b76ffeb516a909
676820b62da405340021d049,6736ea8ed6b76ffeb516a909
6768216cce22cdcb716ea0f3,6736ea8ed6b76ffeb516a909
676829939e3b3deae015e8c3,6736ea8ed6b76ffeb516a909
676829a4d97a878c9395215c,6736ea8ed6b76ffeb516a909
67682a76dd4e7434038ecd59,6736ea8ed6b76ffeb516a909
67682b89a3720aae910719cd,6736ea8ed6b76ffeb516a909
67682ce4a381f840597f9c93,6736ea8ed6b76ffeb516a909
67682e45307183eec4841f6c,6736ea8ed6b76ffeb516a909
67682fc418b5aeec742a6994,6736ea8ed6b76ffeb516a909
67683129ad405e9586c715f9,6736ea8ed6b76ffeb516a909
676836657a5067ad3f02209b,6736ea8ed6b76ffeb516a909
67683a3fe573deb44d0ef5a0,6736ea8ed6b76ffeb516a909
676842c5dcf989870af91d6e,6736ea8ed6b76ffeb516a909
6768437fc3154b83ce27beeb,6736ea8ed6b76ffeb516a909
6768470ba8f9cdf444a56bee,6736ea8ed6b76ffeb516a909
67684b7900bad78028b89303,6736ea8ed6b76ffeb516a909
6768508c83554248332217e8,6736ea8ed6b76ffeb516a909
676854b24bbe325ae12d9f65,6736ea8ed6b76ffeb516a909
67685acaf39d22d7d344a43a,6736ea8ed6b76ffeb516a909
67685c705a4fe627e7653c81,6736ea8ed6b76ffeb516a909
67685e513f28d65eac4d500c,6736ea8ed6b76ffeb516a909
676883ce7640fb691b2b21fe,6736ea8ed6b76ffeb516a909
6768edce18b5aeec742a81cb,6736ea8ed6b76ffeb516a909
6768f2600437d617aaf5d3a7,6736ea8ed6b76ffeb516a909
6768f454132bb2df1a7457ac,6736ea8ed6b76ffeb516a909
6768f4bef39d22d7d344ae44,6736ea8ed6b76ffeb516a909
6768fa2300bad78028b89b24,6736ea8ed6b76ffeb516a909
67690f5f776740587a7b59e0,6736ea8ed6b76ffeb516a909
676912e72ed44390c6705578,6736ea8ed6b76ffeb516a909
67691627328f3515dd3e100a,6736ea8ed6b76ffeb516a909
67691a3745f0b36803f5c248,6736ea8ed6b76ffeb516a909
67691bf1e8524b54040d8010,6736ea8ed6b76ffeb516a909
6769219cfcc549af33181325,6736ea8ed6b76ffeb516a909
67693d4869306f5e86c981a7,6736ea8ed6b76ffeb516a909
67694355f0980f998d90577e,6736ea8ed6b76ffeb516a909
676943bbdfeac38ad3c564b2,6736ea8ed6b76ffeb516a909
676947136949dacf6376b548,6736ea8ed6b76ffeb516a909
6769491bf0980f998d90d0e4,6736ea8ed6b76ffeb516a909
676949a016b272ec96bc3d63,6736ea8ed6b76ffeb516a909
67694a2cf56ed935bc936061,6736ea8ed6b76ffeb516a909
676957166730c7beb41bd51c,6736ea8ed6b76ffeb516a909
6769583e86489bb6d35991ae,6736ea8ed6b76ffeb516a909
6769589ab7005fed6f0f6951,6736ea8ed6b76ffeb516a909
67695a7adccb6e32ae093a7e,6736ea8ed6b76ffeb516a909
676961809a5bc7413833a86e,6736ea8ed6b76ffeb516a909
676961b7fd38bc583e55d611,6736ea8ed6b76ffeb516a909
67696c4ea3bf7be67c30ebd4,6736ea8ed6b76ffeb516a909
67696c81a0a7b3214e5436dd,6736ea8ed6b76ffeb516a909
676973cddccb6e32ae0a4a2b,6736ea8ed6b76ffeb516a909
6769764ddccb6e32ae0a4bcf,6736ea8ed6b76ffeb516a909
6769789cdccb6e32ae0a9754,6736ea8ed6b76ffeb516a909
67697976e7ff1151ea31678f,6736ea8ed6b76ffeb516a909
67697ab8dccb6e32ae0a98c3,6736ea8ed6b76ffeb516a909
67697ba60c80b534071ccf1d,6736ea8ed6b76ffeb516a909
676a556b987981d18ed793c9,6736ea8ed6b76ffeb516a909
676a5a31bd56ed58c38c9715,6736ea8ed6b76ffeb516a909
676a64bd958942490b80c640,6736ea8ed6b76ffeb516a909
676a6d51506279893279ffe0,6736ea8ed6b76ffeb516a909
676a6eb23e4051748264ef0d,6736ea8ed6b76ffeb516a909
676a708a45cbe76af4efd6d4,6736ea8ed6b76ffeb516a909
676a70ffbd56ed58c38d5346,6736ea8ed6b76ffeb516a909
676a71d150627989327a1c4c,6736ea8ed6b76ffeb516a909
676a72e58fa4679e9b72a8b8,6736ea8ed6b76ffeb516a909
676a7be36b7893a7d74d46b1,6736ea8ed6b76ffeb516a909
676a7c48958942490b817057,6736ea8ed6b76ffeb516a909
676a9d57df747f130d162c30,6736ea8ed6b76ffeb516a909
676aa4ff143a4678fd1aec14,6736ea8ed6b76ffeb516a909
676ab268773aa155929d1e4a,6736ea8ed6b76ffeb516a909
676abdf9bd56ed58c38f6eae,6736ea8ed6b76ffeb516a909
676ac1e2143a4678fd1bf653,6736ea8ed6b76ffeb516a909
676acc41958942490b831464,6736ea8ed6b76ffeb516a909
676ad602c99ac6ae6f2bad8d,6736ea8ed6b76ffeb516a909
676adf0d17b915b9f41b1aa4,6736ea8ed6b76ffeb516a909
676af2701b8ac16b22196885,6736ea8ed6b76ffeb516a909
676af84906ed3a07b53fb772,6736ea8ed6b76ffeb516a909
676afa431b8ac16b22197498,6736ea8ed6b76ffeb516a909
676b2bc29bbf05d780d21400,6736ea8ed6b76ffeb516a909
676b2f0771c7d993e265e840,6736ea8ed6b76ffeb516a909
676ba4fa0057e2ca69aae1cb,6736ea8ed6b76ffeb516a909
676bac113946c0569d6dbcf0,6736ea8ed6b76ffeb516a909
676baf289b846d72ceee2488,6736ea8ed6b76ffeb516a909
676bc009b4c20a83d75a79e5,6736ea8ed6b76ffeb516a909
676bc19af33a249c1238894f,6736ea8ed6b76ffeb516a909
676bde359c97897fe8d409b1,6736ea8ed6b76ffeb516a909
676c17d8ba225e46292b1fa2,6736ea8ed6b76ffeb516a909
676c1a452a6c17686ecddee8,6736ea8ed6b76ffeb516a909
676c2476ba225e46292b5a4a,6736ea8ed6b76ffeb516a909
676c25a7ba225e46292b5ba9,6736ea8ed6b76ffeb516a909
676c25f7d45e9e9c6c409e6d,6736ea8ed6b76ffeb516a909
676c2684e9629b1adf8ebec5,6736ea8ed6b76ffeb516a909
676c26f6e9629b1adf8ebf2d,6736ea8ed6b76ffeb516a909
676c2740f5d8b4f011f933c8,6736ea8ed6b76ffeb516a909
676c27a5f5d8b4f011f93438,6736ea8ed6b76ffeb516a909
676c27cb8c49986d78d7b600,6736ea8ed6b76ffeb516a909
676c28ec55d634a6e5f8aec8,6736ea8ed6b76ffeb516a909
676c2a3f2a6c17686ece1d31,6736ea8ed6b76ffeb516a909
676c2a693bdd8c4cb801d946,6736ea8ed6b76ffeb516a909
676c368e8c49986d78d7beac,6736ea8ed6b76ffeb516a909
676c3a45f62900cc9a24e0f8,6736ea8ed6b76ffeb516a909
676d09828c49986d78d93f89,6736ea8ed6b76ffeb516a909
676d144f8c49986d78d94e57,6736ea8ed6b76ffeb516a909
676d1c0a443cdf0caaed0bef,6736ea8ed6b76ffeb516a909
676d241156e2242b22339c3c,6736ea8ed6b76ffeb516a909
676d24d4f62900cc9a269350,6736ea8ed6b76ffeb516a909
676d291697fd1701791a823a,6736ea8ed6b76ffeb516a909
676d29e87c49760439b55e70,6736ea8ed6b76ffeb516a909
676d2fb88c49986d78d9ed66,6736ea8ed6b76ffeb516a909
676d34c6f62900cc9a272d49,6736ea8ed6b76ffeb516a909
676d491d9ec4ed9ec1812d91,6736ea8ed6b76ffeb516a909
676d4c68443cdf0caaee2c74,6736ea8ed6b76ffeb516a909
676d5f22db3d648786c61e63,6736ea8ed6b76ffeb516a909
676d67f0e974a13dc60622ae,6736ea8ed6b76ffeb516a909
676d6ccbc13eca4e10876e45,6736ea8ed6b76ffeb516a909
676d724cbeba13bcbed73d2f,6736ea8ed6b76ffeb516a909
676d777f89075676d9319a8b,6736ea8ed6b76ffeb516a909
676d915190bd3a8320a3f9d7,6736ea8ed6b76ffeb516a909
676d92d8c13eca4e1087b4ea,6736ea8ed6b76ffeb516a909
676d9495beba13bcbed78739,6736ea8ed6b76ffeb516a909
676d9f65afde5d2da4dabad4,6736ea8ed6b76ffeb516a909
676e0aebf618abdf019b317a,6736ea8ed6b76ffeb516a909
676e3a65fbf6d3fb06a8098d,6736ea8ed6b76ffeb516a909
676e53369f1c3798542fcb0d,6736ea8ed6b76ffeb516a909
676e5883c0d8810780ce6c44,6736ea8ed6b76ffeb516a909
676e60139f1c3798542fff4a,6736ea8ed6b76ffeb516a909
676e63f8c0d8810780ce8354,6736ea8ed6b76ffeb516a909
676e75529f1c3798543034af,6736ea8ed6b76ffeb516a909
676e7584c0d8810780cea272,6736ea8ed6b76ffeb516a909
676e77aeac4efc3878d963fe,6736ea8ed6b76ffeb516a909
676e8b5329b8856f422142b8,6736ea8ed6b76ffeb516a909
676e8ca51a0f3a071ef74cd1,6736ea8ed6b76ffeb516a909
676e96151a0f3a071ef861fb,6736ea8ed6b76ffeb516a909
676e978fb2e89da123b74d17,6736ea8ed6b76ffeb516a909
676e99d4345030cb6ecb62f0,6736ea8ed6b76ffeb516a909
676e9aa6c0e87dce13a89981,6736ea8ed6b76ffeb516a909
676ea132345030cb6ecb77bc,6736ea8ed6b76ffeb516a909
676ea30e764835490cc5a9ac,6736ea8ed6b76ffeb516a909
676ea4747bf8efd66071c269,6736ea8ed6b76ffeb516a909
676ea65f3e30747137a658bd,6736ea8ed6b76ffeb516a909
676ea7eeaa4dd23123029750,6736ea8ed6b76ffeb516a909
676ea823c0e87dce13a8c311,6736ea8ed6b76ffeb516a909
676f130d0f16f89e31a6e710,6736ea8ed6b76ffeb516a909
676fc7b23f66a2e27b16175e,6736ea8ed6b76ffeb516a909
676ffdb65d9288e68d3c05e8,6736ea8ed6b76ffeb516a909
67711ebddf33d0097dd77508,6736ea8ed6b76ffeb516a909
